song_id,Title,album_id,Primary_Artist,Featuring_Artist(s),Release_Date,is_title_track,Language
1,"Intro: 2 Cool 4 Skool (feat. DJ Friz)",1,BTS,DJ Friz,12-06-2013,No,Korean
2,"We Are Bulletproof Pt.2",1,BTS,–,12-06-2013,No,Korean
3,"Skit: Circle Room Talk",1,BTS,–,12-06-2013,No,Korean
4,No More Dream,1,BTS,–,12-06-2013,Yes,Korean
5,"Interlude (그래도 좋은 날)",1,BTS,–,12-06-2013,No,Korean
6,"좋아요 (Like)"",1,BTS,–,12-06-2013,No,Korean
7,"Outro: Circle Room Cypher",1,BTS,–,12-06-2013,No,Korean
8,"Path (길) (Hidden Track)"",1,BTS,–,12-06-2013,No,Korean
9,"Intro: O!RUL8,2?",2,BTS,–,11-09-2013,No,Korean
10,"N.O",2,BTS,–,11-09-2013,Yes,Korean
11,We On,2,BTS,–,11-09-2013,No,Korean
12,"Skit: R U Happy Now?",2,BTS,–,11-09-2013,No,Korean
13,If I Ruled the World,2,BTS,–,11-09-2013,No,Korean
14,Coffee,2,BTS,–,11-09-2013,No,Korean
15,"BTS Cypher Pt.1",2,BTS,–,11-09-2013,No,Korean
16,"Attack on Bangtan (진격의 방탄)",2,BTS,–,11-09-2013,No,Korean
17,"팔도강산 (Paldogangsan) (Satoori Rap)",2,BTS,–,11-09-2013,No,Korean
18,"Outro: Luv In Skool",2,BTS,–,11-09-2013,No,Korean
19,"Intro: Skool Luv Affair",3,BTS,–,12-02-2014,No,Korean
20,"상남자 (Boy In Luv)"",3,BTS,–,12-02-2014,Yes,Korean
21,"Skit: Soulmate",3,BTS,–,12-02-2014,No,Korean
22,"어디에서 왔는지 (Where Did You Come From)",3,BTS,–,12-02-2014,No,Korean
23,"하루만 (Just One Day)"",3,BTS,–,12-02-2014,No,Korean
24,Tomorrow,3,BTS,–,12-02-2014,No,Korean
25,"BTS Cypher Pt.2: Triptych",3,BTS,–,12-02-2014,No,Korean
26,"등골브레이커 (Spine Breaker)",3,BTS,–,12-02-2014,No,Korean
27,Jump,3,BTS,–,12-02-2014,No,Korean
28,"Outro: Propose",3,BTS,–,12-02-2014,No,Korean
29,Miss Right,4,BTS,–,14-05-2014,No,Korean
30,"좋아요 (Slow Jam Remix)",4,BTS,–,14-05-2014,No,Korean
31,"Intro: What Am I To You",5,BTS,–,19-08-2014,No,Korean
32,Danger,5,BTS,–,19-08-2014,Yes,Korean
33,"호르몬 전쟁 (War of Hormone)",5,BTS,–,19-08-2014,No,Korean
34,"힙합성애자 (Hip Hop Lover)",5,BTS,–,19-08-2014,No,Korean
35,Let Me Know,5,BTS,–,19-08-2014,No,Korean
36,Rain,5,BTS,–,19-08-2014,No,Korean
37,"BTS Cypher Pt.3: Killer (feat. Supreme Boi)",5,BTS,Supreme Boi,19-08-2014,No,Korean
38,"Interlude: 뭐해 (What Are You Doing)",5,BTS,–,19-08-2014,No,Korean
39,"핸드폰 좀 꺼줄래요 (Could You Turn Off Your Cell Phone?)",5,BTS,–,19-08-2014,No,Korean
40,"이불킥 (Embarrassed) (Blanket Kick)",5,BTS,–,19-08-2014,No,Korean
41,"24/7=Heaven (이상하지 않은가?)",5,BTS,–,19-08-2014,No,Korean
42,"여기 봐 (Look Here)",5,BTS,–,19-08-2014,No,Korean
43,"2학년 (2nd Grade)",5,BTS,–,19-08-2014,No,Korean
44,"Outro: 그게 말이 돼? (Does That Make Sense?)",5,BTS,–,19-08-2014,No,Korean
45,"INTRO (Wake Up) (Intro)",6,BTS,–,24-12-2014,No,Japanese
46,The Stars,6,BTS,–,24-12-2014,No,Japanese
47,Wake Up,6,BTS,–,24-12-2014,Yes,Japanese
48,"Intro: 화양연화 (The Most Beautiful Moment in Life)",7,BTS,–,29-04-2015,No,Korean
49,I Need U,7,BTS,–,29-04-2015,Yes,Korean
50,"잡아줘 (Hold Me Tight)",7,BTS,–,29-04-2015,No,Korean
51,"SKIT: Expectation!",7,BTS,–,29-04-2015,No,Korean
52,"쩔어 (Dope)",7,BTS,–,29-04-2015,No,Korean
53,"흥탄소년단 (Boyz With Fun)",7,BTS,–,29-04-2015,No,Korean
54,Converse High,7,BTS,–,29-04-2015,No,Korean
55,"이사 (Moving On)","7,BTS,–,29-04-2015,No,Korean
56,"Outro: Love Is Not Over",7,BTS,–,29-04-2015,No,Korean
57,Intro: Never Mind",8,BTS,–,30-11-2015,No,Korean
58,Run,8,BTS,–,30-11-2015,Yes,Korean
59,Butterfly,8,BTS,–,30-11-2015,No,Korean
60,Whalien 52,8,BTS,–,30-11-2015,No,Korean
61,Ma City,8,BTS,–,30-11-2015,No,Korean
62,"뱁새 (Silver Spoon / Baepsae)",8,BTS,–,30-11-2015,No,Korean
63,"SKIT: One Night in a Strange City"8,BTS,–,30-11-2015,No,Korean
64,"고엽 (Autumn Leaves) (Dead Leaves)",8,BTS,–,30-11-2015,No,Korean
65,"Outro: House Of Cards (Full Length Edition)",8,BTS,–,30-11-2015,No,Korean
66,"EPILOGUE: Young Forever",9,BTS,–,02-05-2016,Yes,Korean
67,"불타오르네 (Fire)",9,BTS,–,02-05-2016,Yes,Korean
68,Save ME,9,BTS,–,02-05-2016,Yes,Korean
69,"Introduction: Youth",10,BTS,–,07-09-2016,No,Japanese
70,"Good Day (いい日)",10,BTS,–,07-09-2016,No,Japanese
71,Wishing on a Star,10,BTS,–,07-09-2016,Yes,Japanese
72,"Intro: Boy Meets Evil (Solo by j-hope)",11,BTS,–,10-10-2016,No,Korean
73,"피 땀 눈물 (Blood Sweat & Tears)",11,BTS,–,10-10-2016,Yes,Korean
74,"Begin (Jungkook Solo)",11,BTS,–,10-10-2016,No,Korean
75,"Lie (Jimin Solo)",11,BTS,–,10-10-2016,No,Korean
76,"Stigma (V Solo)",11,BTS,–,10-10-2016,No,Korean
77,"First Love (SUGA Solo)",11,BTS,–,10-10-2016,No,Korean
78,"Reflection (RM Solo)",11,BTS,–,10-10-2016,No,Korean
79,"MAMA (j-hope Solo)",11,BTS,–,10-10-2016,No,Korean
80,"Awake (Jin Solo)",11,BTS,–,10-10-2016,No,Korean
81,"Lost (Vocal Line)",11,BTS,–,10-10-2016,No,Korean
82,BTS Cypher 4,11,BTS,–,10-10-2016,No,Korean
83,Am I Wrong,11,BTS,–,10-10-2016,No,Korean
84,"21세기 소녀 (21st Century Girl)",11,BTS,–,10-10-2016,No,Korean
85,"둘! 셋! (2! 3!) (Still Wishing For Better Days)",11,BTS,–,10-10-2016,No,Korean
86,"Interlude: Wings (Boyz II Men ver.)",11,BTS,–,10-10-2016,No,Korean
87,"봄날 (Spring Day)",12,BTS,–,13-02-2017,Yes,Korean
88,Not Today,12,BTS,–,13-02-2017,Yes,Korean
89,"Outro: Wings (Extended Version)",12,BTS,–,13-02-2017,No,Korean
90,A Supplementary Story: You Never Walk Alone,12,BTS,–,13-02-2017,No,Korean
91,"Intro: Serendipity (Jimin Solo)",13,BTS,–,18-09-2017,No,Korean
92,DNA,13,BTS,–,18-09-2017,Yes,Korean
93,Best of Me,13,BTS,–,18-09-2017,No,Korean
94,"보조개 (Dimple) (Illegal)",13,BTS,–,18-09-2017,No,Korean
95,Pied Piper,13,BTS,–,18-09-2017,No,Korean
96,"Skit: Billboard Music Award Speech",13,BTS,–,18-09-2017,No,Korean
97,MIC Drop,13,BTS,–,18-09-2017,No,Korean
98,"고민보다 Go (Go Go)"",13,BTS,–,18-09-2017,No,Korean
99,"Outro: Her",13,BTS,–,18-09-2017,No,Korean
100,"Sea (Hidden Track)",13,BTS,–,18-09-2017,No,Korean
101,"Intro: Singularity (V Solo)",14,BTS,–,18-05-2018,No,Korean
102,Fake Love,14,BTS,–,18-05-2018,Yes,Korean
103,"전하지 못한 진심 (The Truth Untold)",14,BTS,Steve Aoki (producer),18-05-2018,No,Korean
104,134340,14,BTS,–,18-05-2018,No,Korean
105,"낙원 (Paradise)"",14,BTS,–,18-05-2018,No,Korean
106,Love Maze,14,BTS,–,18-05-2018,No,Korean
107,Magic Shop,14,BTS,–,18-05-2018,No,Korean
108,"Airplane Pt.2",14,BTS,–,18-05-2018,No,Korean
109,Anpanman,14,BTS,–,18-05-2018,No,Korean
110,So What,14,BTS,–,18-05-2018,No,Korean
111,"Outro: Tear",14,BTS,–,18-05-2018,No,Korean
112,"Euphoria (Jungkook Solo)",15,BTS,–,24-08-2018,Yes,Korean
113,"Trivia 起 : Just Dance (j-hope Solo)",15,BTS,–,24-08-2018,No,Korean
114,"Trivia 承 : Love (RM Solo)",15,BTS,–,24-08-2018,No,Korean
115,"Trivia 轉 : Seesaw (SUGA Solo)",15,BTS,–,24-08-2018,No,Korean
116,I'm Fine,15,BTS,–,24-08-2018,No,Korean
117,IDOL,15,BTS,–,24-08-2018,Yes,Korean
118,"Answer: Love Myself",15,BTS,–,24-08-2018,No,Korean
119,IDOL (feat. Nicki Minaj),15,BTS,Nicki Minaj,24-08-2018,No,Korean/English
120,"Intro: Ringwanderung (Instrumental)",16,BTS,–,04-04-2018,No,Japanese
121,Don't Leave Me,16,BTS,–,04-04-2018,Yes,Japanese
122,Let Go,16,BTS,–,04-04-2018,Yes,Japanese
123,Crystal Snow,16,BTS,–,06-12-2017,Yes,Japanese
124,Heartbeat,17,BTS,–,28-06-2019,Yes,Korean/English
125,"Dream Glow (Jin, Jimin, Jungkook unit) (feat. Charli XCX)",17,BTS (Jin/Jimin/Jungkook),Charli XCX,07-06-2019,No,English/Korean
126,"A Brand New Day (V, j-hope unit) (feat. Zara Larsson)",17,BTS (V/j-hope),Zara Larsson,14-06-2019,No,Korean/English
127,"All Night (RM, SUGA unit) (feat. Juice WRLD)",17,BTS (RM/SUGA),Juice WRLD,21-06-2019,No,English
128,Intro: Persona (RM Solo),18,BTS,–,12-04-2019,No,Korean
129,Boy With Luv (feat. Halsey),18,BTS,Halsey,12-04-2019,Yes,Korean
130,소우주 (Mikrokosmos),18,BTS,–,12-04-2019,No,Korean
131,Make It Right,18,BTS,–,12-04-2019,No,Korean
132,HOME,18,BTS,–,12-04-2019,No,Korean
133,"Jamais Vu (Jin, J-Hope, Jungkook unit)",18,BTS,–,12-04-2019,No,Korean
134,Dionysus,18,BTS,–,12-04-2019,No,Korean
135,Interlude: Shadow (SUGA Solo),19,BTS,–,21-02-2020,No,Korean
136,Black Swan,19,BTS,–,21-02-2020,Yes,Korean
137,Filter (Jimin Solo),19,BTS,–,21-02-2020,No,Korean
138,시차 (My Time) (Jungkook Solo),19,BTS,–,21-02-2020,No,Korean
139,Loud­er than Bombs,19,BTS,–,21-02-2020,No,Korean/English
140,ON,19,BTS,–,21-02-2020,Yes,Korean
141,욱 (Ugh!) (Rap line unit),19,BTS,–,21-02-2020,No,Korean
142,00:00 (Zero O’Clock) (Vocal line unit),19,BTS,–,21-02-2020,No,Korean
143,Inner Child (V Solo),19,BTS,–,21-02-2020,No,Korean
144,친구 (Friends) (Jimin & V duet),19,BTS,–,21-02-2020,No,Korean
145,Moon (Jin Solo),19,BTS,–,21-02-2020,No,Korean
146,Respect (RM & SUGA duet),19,BTS,–,21-02-2020,No,Korean
147,We Are Bulletproof: The Eternal,19,BTS,–,21-02-2020,No,Korean
148,Outro: Ego (j-hope Solo),19,BTS,–,21-02-2020,No,Korean
149,ON (feat. Sia) (Alternative ver.),19,BTS,Sia,21-02-2020,No,English
150,Intro: Calling,20,BTS,–,15-07-2020,No,Japanese
151,Stay Gold,20,BTS,–,19-06-2020,Yes,Japanese
152,Your Eyes Tell (Jungkook Solo),20,BTS,–,15-07-2020,Yes,Japanese
153,Outro: The Journey,20,BTS,–,15-07-2020,No,Japanese
154,Life Goes On,21,BTS,–,20-11-2020,Yes,Korean
155,내 방을 여행하는 법 (Fly To My Room),21,BTS,–,20-11-2020,No,Korean
156,Blue & Grey,21,BTS,–,20-11-2020,No,Korean
157,Skit,21,BTS,–,20-11-2020,No,Korean
158,잠시 (Telepathy),21,BTS,–,20-11-2020,No,Korean
159,병 (Dis-ease),21,BTS,–,20-11-2020,No,Korean
160,Stay,21,BTS,–,20-11-2020,No,Korean/English
161,Dynamite,21,BTS,–,21-08-2020,Yes,English
162,Lights,22,BTS,–,03-07-2019,Yes,Japanese
163,Film Out,22,BTS,–,02-04-2021,Yes,Japanese
164,Butter,23,BTS,–,21-05-2021,Yes,English
165,Permission to Dance,23,BTS,–,09-07-2021,Yes,English
166,Born Singer,24,BTS,–,10-06-2022,No,Korean
167,Yet To Come (The Most Beautiful Moment),24,BTS,–,10-06-2022,Yes,Korean
168,Run BTS,24,BTS,–,10-06-2022,Yes,Korean
169,For Youth,24,BTS,–,10-06-2022,No,Korean
170,Young Love (Demo),24,BTS,–,10-06-2022,No,Korean
171,Quotation Mark (Demo),24,BTS,–,10-06-2022,No,Korean
172,Take Two,28,BTS,–,09-06-2023,Yes,Korean
173,The Planet,29,BTS,–,12-05-2023,Yes,Korean
174,Bad Decisions,30,Benny Blanco,BTS, Snoop Dogg,05-08-2022,Yes,English
175,My Universe,31,Coldplay,BTS,24-09-2021,Yes,English
176,Savage Love (Laxed – Siren Beat) [Remix],32,Jawsh 685 & Jason Derulo,BTS,02-10-2020,Yes,English
177,Waste It On Me,33,Steve Aoki,BTS,25-10-2018,Yes,English
178,Come Back Home,34,BTS,–,04-07-2017,Yes,Korean
